time,16,20,12,24,28,8,30,6,32,11,31,14,29,7,13,15,2,10,18,26,27
0,897.8783976988532,354.49708932773626,377.0730686298272,794.2541315295172,914.5795778782685,58.55694011877962,605.1153909002825,304.84177542967785,396.2938987496068,589.1837571176936,577.0738279267109,392.15206105240253,430.8085478697195,1.552190511506956,576.5302708731016,400.3870980892028,432.10863056946135,382.8980219196937,909.971862170318,0.5726474154623107,5.777474797658732
1800,887.3004896726388,350.32075808279285,372.6307697067758,784.8970212857558,903.8049131995723,57.86708063618102,597.9865247123951,301.25043358282284,391.6251591707655,582.2425815539391,570.2753194741315,387.53211647557134,425.7331911087684,1.5339041505565616,569.7381660677585,395.67013651698454,427.0179575304267,378.3870992049183,899.2514810038374,0.565901054587905,5.709410350190087
3600,873.2378625987845,344.7686027143609,366.7250279522965,772.4573638864988,889.480711207379,56.94995821338206,588.5091699829695,296.47598281600864,385.4183795845296,573.0147490595244,561.2371534407209,381.3902066078691,418.985840950387,1.5095936466321553,560.7085132585861,389.39924898918406,420.25024539628276,372.39012667125104,884.9994453404357,0.5569322153006567,5.618923182087712
5400,851.9759510109702,336.3740519703615,357.7958742184495,753.649292363543,867.8233128617844,55.56332001510344,574.1799356738234,289.2572782630653,376.0340733582086,559.0627785199522,547.5719480627265,372.1039797953694,408.78422202341864,1.4728375140559775,547.0561794031124,379.91801511353685,410.0178402921554,363.3230370630477,863.451158478373,0.5433718281148702,5.482111606418369
7200,823.8288748747503,325.261125555216,345.97522634581685,728.7506740551353,839.1526809842976,53.727652004767634,555.2105195229058,279.700967871246,363.61088268003647,540.5927940406308,529.4815908244841,359.81062921726624,395.2790513587711,1.4241787818520675,528.9828618239279,367.3665090713381,396.4719140788425,351.3197860626864,834.9249712441456,0.525420231948244,5.300996854775425
9000,804.9579410704957,317.81057197953197,338.05018779302696,712.0576372494138,819.9307343185839,52.49694621699813,542.4926587136018,273.29403238906025,355.28187515574353,528.2097723445914,517.3530865249239,351.5686717269337,386.2246408617683,1.3915560074660152,516.8657815982777,358.9514737575549,387.39017942009383,343.27232301652674,815.7998660865206,0.513384758661369,5.179570228695783
10800,787.4606990408935,310.90237440327473,330.7020449247164,696.5797542665952,802.1080310767193,51.35582849281956,530.7005825510001,267.35348371443257,347.5591698550618,516.7281609987571,506.1074652224618,343.92667973533815,377.8293376115544,1.3613079770807264,505.63075276507243,351.14900297893774,378.9695410446401,335.81066743002947,798.0669548667742,0.5022253962670296,5.066982738993789
12600,770.7877833285442,304.3196343509666,323.7000861886843,681.8310619903184,785.1249872110011,50.268470862347925,519.4640521538075,261.6928048960447,340.20029499171244,505.78746886640965,495.3916452211304,336.64471563295234,369.8295520891495,1.3324849854215108,494.9250262028558,343.71412053175766,370.94561397998683,328.70054376266677,781.1694727606684,0.4915917713626246,4.959699446981796
14400,755.9651771035734,298.4674267731141,317.475183541883,668.7191347355915,770.0266699120963,49.30178487530965,509.47451773247445,256.6603310001413,333.6580856841064,496.060941478863,485.8650343392824,330.1708817639254,362.7175584385727,1.306860681732761,485.4073886209414,337.1043387308533,363.8121579421118,322.3794799997101,766.1472218374673,0.4821382338157819,4.864322128494276
16200,749.9812835543195,296.10488764588473,314.96218722884754,663.4258431425334,763.9314716643479,48.91153325867777,505.4417376884924,254.6287187704543,331.0169925133452,492.1343375060116,482.0191367598062,327.55739179192904,359.8464430434725,1.296516137512938,481.56511356713804,334.43596651073887,360.9323781705209,319.82766339597015,760.082731623649,0.47832183597820843,4.825818257300481
18000,744.2356320892521,293.83641039342143,312.54924307654034,658.3432980828081,758.0789469738949,48.53681907728573,501.56951830870605,252.6779929281797,328.48105153761446,488.3640669148568,478.32635932649595,325.0479550242225,357.0896379231188,1.2865834498468127,477.8758144326591,331.8738325707464,358.1672536362158,317.37744453977245,754.2596923608171,0.4746573837872987,4.788847375028858
19800,740.0876670700266,292.1987259032752,310.80726342497826,654.6740502621641,753.8538268395205,48.26630122111713,498.7740423506229,251.26970309280597,326.65027664252983,485.6421909674194,475.6604281069841,323.23631434366774,355.0994143125199,1.2794127327860108,475.21239430557375,330.02414815771266,356.1710239811743,315.6085551167459,750.0558586763943,0.4720119014438374,4.762156941868239
21600,731.9948978684117,289.0035681470288,307.4086235597285,647.5152686383152,745.6105263444332,47.738515050129415,493.32000847314964,248.5220992548191,323.0783953423358,480.3317522978692,470.45913880804096,319.70176430864274,351.21644512991367,1.2654225091669151,470.0160042021052,326.41537398022433,352.2763368763428,312.1574137070711,741.8540885041955,0.4668505083430402,4.710083331204002
23400,738.9390625818436,291.74523804913684,310.3248954115466,653.6580063718436,752.6838574866063,48.19139267625508,497.9999528351184,250.8797364421531,326.14332052028664,484.888481879948,474.9222105594094,322.7346566375358,354.548305573409,1.2774271042280667,474.47487209945393,329.51195583962766,355.618252120612,315.1187355736758,748.8917837106887,0.4712793463526,4.754766148749747
25200,763.0979068163017,301.2835452236792,320.4706451627201,675.0286751565849,777.2920734973764,49.76696014597225,514.2815434270065,259.0819885373542,336.8062372309401,500.7414065634676,490.4492983659476,333.2861306271843,366.1398937322639,1.3191912550148612,489.98733464022746,340.28500657903083,367.2448210691991,325.4212149438751,773.3760218127015,0.48668733450208107,4.910218283540898
27000,801.8847241857467,316.59721564608134,336.7595594359273,709.3391007370598,816.8003534024313,52.296520215488925,540.4214975838738,272.2506339802909,353.92545862530733,526.1931412782526,515.3779047672646,350.2264316880775,384.75008917770884,1.3862432411710068,514.8924603027025,357.581047212672,385.9111778727626,341.96175727720566,812.6852562477768,0.5114247274247148,5.1597953536738626
28800,818.3964220521868,323.1163042537518,343.69381311520493,723.9451813406225,833.6191806550358,53.37336370086789,551.5493769654083,277.8565771746746,361.2131772509444,537.0280429868516,525.9901087336103,357.43798323714464,392.6725212118633,1.4147875304899644,525.4946684278905,364.9440384709682,393.8575180138439,349.0031299929306,829.4193490755204,0.521955531075125,5.2660412757657635
30600,849.4413723836484,335.3733588382396,356.7314524179728,751.407229795164,865.241589259773,55.39802238762204,572.4717839455158,288.3967547771466,374.9153939819334,557.399599450066,545.9429535414212,370.9969922175961,407.56811287022305,1.4684559085890456,545.4287192634052,378.78778123768785,408.79806119675726,362.2421722763587,860.8824417799515,0.5417553287047701,5.465802645004923
32400,849.1918881988829,335.2748583981362,356.62667902397504,751.1865386135863,864.9874644907899,55.38175177625046,572.3036467897776,288.3120515455949,374.8052798946466,557.2358890526466,545.7826080047886,370.88802897991656,407.448408554326,1.4680246174639262,545.2685247593498,378.6765298154313,408.6779956403255,362.13578036283036,860.6295973092804,0.5415962130895923,5.4641973178319
34200,894.0080988236089,352.96903197651943,375.4476976696358,790.830504365978,910.6372886766846,58.304530816962924,602.5070450231608,303.52775697952166,394.5856765287274,586.6440844422746,574.586355020712,390.461692195433,428.9515504828361,1.54549980460695,574.0451409661753,398.66123215973124,430.24602918472766,381.2475425369988,906.0494344967178,0.5701790225778672,5.752571030880916
36000,888.4247341529607,350.7646282070639,373.1029074897669,785.891516559986,904.9500694310618,57.94040049428407,598.744197065267,301.6321296836274,392.1213635893107,582.980305714062,570.9978806443829,388.0231348486772,426.2726117399577,1.535847667205856,570.4600466436011,396.17146608028895,427.55900601100285,378.8665304828871,900.3908678583547,0.5666180733931842,5.716644396769348
37800,894.1301554921902,353.017221947295,375.49895659588526,790.938474458086,910.7616156865719,58.31249098735073,602.5893037888353,303.56919685784897,394.63954831491185,586.7241774779911,574.6648018450734,390.51500094444845,429.01011415502614,1.545710807793265,574.1235138999482,398.7156603712362,430.30476958882656,381.29959330142486,906.1731351384572,0.5702568676802576,5.753356414879932
39600,887.5155251165036,350.40565759607625,372.7210760053682,785.0872394602353,904.023948456443,57.88110460383863,598.1314455134802,301.3234410041574,391.72006872047393,582.3836868428673,570.4135245217738,387.6260340848233,425.83636666967874,1.5342758890642034,569.8762409373804,395.7660263586111,427.12144445182986,378.4788005380937,899.4694127458056,0.5660381995414727,5.710794014014403
41400,898.5985538479949,354.78141876409035,377.37550545172365,794.8911743610054,915.3131294466953,58.603906546092645,605.6007323126763,305.0862781147336,396.61175191188727,589.6563203364437,577.5366782043825,392.46659219480364,431.1540839976031,1.5534354680003588,576.9926851831012,400.70823426027556,432.4552094471794,383.20513072828777,910.7017180547756,0.5731067154728602,5.78210870355591
43200,914.5881948626368,361.09439078080555,384.090516102534,809.0354487639771,931.600189216788,59.646703047060704,616.3767771509612,310.51497599618267,403.66905186869536,600.1486506922182,587.8133519400926,399.45013327948726,438.8260293792163,1.5810772612865516,587.2596791200988,407.83842692528253,440.15030702369063,390.0238735907993,926.9067224816765,0.5833045625584696,5.884995406501945
45000,915.2913581817706,361.3720111697065,384.38581661446665,809.6574599102452,932.3164318764187,59.69256125289099,616.8506664301942,310.75370938721994,403.9794049564981,600.6100632925173,588.2652807862149,399.7572427339095,439.1634122243852,1.5822928417424311,587.711182285658,408.15198555588586,440.48870801393196,390.323735849066,927.6193566608281,0.5837530249096987,5.889519970591409
46800,918.9751987775243,362.82645173993177,385.9328825438219,812.9161479693101,936.0687945411961,59.932810304127244,619.3333507756768,312.00442274716664,405.6053306451045,603.0273828854505,590.6329154230563,401.3661751750014,440.9309455804694,1.5886612123740085,590.0765868014213,409.7947049371931,442.26157538566844,391.8947005596511,931.352814660762,0.5861024987377137,5.91322395573584
48600,924.7733492755227,365.1156564699848,388.367874193316,818.0451331415425,941.9747947841295,60.3109483152222,623.2409513083178,313.9729727162362,408.16444296173637,606.8321031053597,594.3594344164416,403.89854110997595,443.71294011644954,1.5986846567628565,593.7995957141441,412.3802495478306,445.0519653515556,394.36730749859305,937.2290600625107,0.5898004336759524,5.950532647493066
50400,922.3872594774485,364.1735891583536,387.3658117709523,815.9344222867342,939.5443220097591,60.15533468448785,621.6328720131869,313.1628631822016,407.1113016552199,605.2663617358686,592.8258748864646,402.85640663545354,442.56807697726543,1.5945597485863525,592.2674806736921,411.31623066456126,443.9036472745153,393.34976540586996,934.8108321795103,0.5882786372284267,5.9351791500610585
52200,926.5101911811518,365.801390085746,389.09727842974587,819.581525890154,943.7439431910435,60.424219942788206,624.4114770402547,314.56265387073285,408.9310276708211,607.9718109345052,595.4757169882838,404.6571139131085,444.5462894220581,1.60168718977046,594.9148268377376,413.1547520775905,445.88782951677047,395.1079794334085,938.9892953763475,0.5909081538648712,5.961708504227126
54000,914.1401883425464,360.91751047298334,383.9023712560497,808.6391467363909,931.1438494550996,59.617485403516774,616.0748480242274,310.36287176543334,403.4713165729505,599.8546708332567,587.5254144664356,399.2544646002222,438.61107261129433,1.5803027783817842,586.972012860344,407.63864928171324,439.93470156489064,389.83282231838945,926.4526817915386,0.5830188336930714,5.882112670503793
55800,925.3351166516677,365.3374514259978,388.60379405609694,818.5420668695452,942.5470114351339,60.34758510110535,623.6195483280057,314.1637002855389,408.41238854574124,607.2007323252535,594.7204869275469,404.1438953082191,443.98248016572325,1.5996558016229634,594.1603081428722,412.63075608648023,445.3223188116976,394.60687180669555,937.7983938461135,0.5901587167540004,5.954147387380051
57600,917.5456654902426,362.2620485972153,385.33253565417044,811.6515973102316,934.612670912656,59.83958042431759,618.3699323482423,311.5190769960632,404.9743818203404,602.0893295863801,589.7141426267016,400.7418206673228,440.24504517212506,1.5861899334011669,589.1586794150193,409.1572392336151,441.5736050851201,391.2850796250442,929.9040270846314,0.5851907733366157,5.904025502403127
59400,924.0666748801921,364.8366498507263,388.0710991696019,817.4200161328517,941.2549757397741,60.26486112751737,622.7646957774289,313.7330472676728,407.8525402007502,606.3683865526875,593.9052489727819,403.5898981786702,443.37387263153244,1.5974630065995734,593.3458380765805,412.06512523794015,444.71187463770457,394.0659479505664,936.5128675167102,0.5893497320362908,5.945985491085653
61200,930.8052709249598,367.49715787736756,390.901040390339,823.380909905307,948.1189144890644,60.70433218071277,627.3060993686047,316.0208911310012,410.8267341512047,610.7902229010505,598.2362000507587,406.53300755108387,446.60709974131385,1.6091122286639123,597.6727097475676,415.0700387345502,447.95485889518085,396.93960556686517,943.3422252638019,0.5936474627966817,5.989345559576026
63000,944.7766768812378,373.01329765532654,396.7684729185172,835.7398740283884,962.3501985856714,61.61550543541371,636.7219766169347,320.7643711032067,416.99325174603365,619.9581965093176,607.2157375219471,412.6350762227391,453.31068134785255,1.6332650357849272,606.6437892178998,421.30024841706063,454.67867039389796,402.89767708056485,957.5018111584563,0.6025581232288093,6.079245757650875
64800,946.0299212200964,373.5080990354249,397.29478549025026,836.8484812701993,963.6267541653013,61.697238277959904,637.5665870229158,321.1898643885826,417.54639244571536,620.7805697951075,608.0212079618263,413.18243581145987,453.9119970439795,1.6354315585305037,607.448500969518,421.85910233905986,455.2818007247101,403.4321200291433,958.7719353620328,0.6033574153528091,6.087309864774536
66600,947.3477541542131,374.02840105022096,397.84822269252885,838.0142229288364,964.9690997342419,61.78318339525797,638.4547262109318,321.63728636953834,418.1280404202074,621.6453258259534,608.8681900228802,413.7580047332215,454.5443028151583,1.6377097376038947,608.294685241708,422.44675797885435,455.91601465160704,403.99410662441846,960.1075181003646,0.6041979006854188,6.095789572699236
68400,934.6665573619604,369.02165697043563,392.5226264863962,826.7965647573076,952.0520236146093,60.956153718297784,629.9083714108899,317.33184973732745,412.53097857921364,613.3239816551202,600.7178805886045,408.21944018880424,448.459772895158,1.6157873554796183,600.1520527422848,416.7918857857367,449.81312299731854,398.586241617562,947.2555191112265,0.5961101077430073,6.014191335054627
70200,927.6915477171855,366.267808984514,389.5934009952623,820.6265419100948,944.9472738033163,60.501264478124774,625.2076394425651,314.963740281524,409.4524394663136,608.7470117681368,596.2349845462766,405.17307621004164,445.11311283056136,1.6037294378194584,595.6733792268615,413.6815493771841,446.45636347004086,395.6117660062768,940.1865635250597,0.591661597503601,5.96931004317881
72000,939.0816208149197,370.76479629451626,394.37677681306565,830.7020851456643,956.54921040456,61.24409093440426,632.8838554564289,318.8308230783547,414.47964190988773,616.2211263907485,603.5554781673727,410.14773720228897,450.5781522656794,1.623419813969485,602.9869775327466,418.76067626821253,451.9378951573627,400.4690345070231,951.7300487604374,0.5989259396885346,6.042600435769057
73800,937.3588605606491,370.08462234522244,393.65328630782994,829.1781488831414,954.794405577788,61.131737669967926,631.7228199004314,318.245922833625,413.71927237708076,615.0906588777472,602.4482459886281,409.39531461795815,449.75155943821846,1.6204416243536826,601.8807882775094,417.99245310939875,451.1088078598175,399.7343676576004,949.9840847627854,0.5978272004721801,6.031515188616473
75600,949.6031623445143,374.91887312389684,398.7954040586351,840.0093341577324,967.2664601294974,61.93027436290052,639.9747340563276,322.40302774254843,419.12350317696485,623.1253145135098,610.317759409169,414.7430634812745,455.6264639739603,1.6416087323915325,609.7428892504203,423.4525025681391,457.00144152787874,404.9559198687298,962.3933042337011,0.6056363512309476,6.1103021882285695
77400,946.4483778590884,373.67331256646946,397.4705205668014,837.2186437724234,964.0529943969747,61.72452876675499,637.8486013283356,321.33193603781433,417.731085398958,621.0551591552969,608.2901534839631,413.36519845934436,454.1127755652721,1.636154957630187,607.7171931666406,422.0457029297317,455.4831851501411,403.61056982784635,959.1960281656874,0.6036242979433869,6.090002459553389
79200,945.3338756459808,373.2332888487717,397.00247414696514,836.2327664090432,962.9177616458352,61.65184427014337,637.0974946706052,320.9535475675774,417.2391808957096,620.3238278270039,607.5738537489443,412.8784350612743,453.57802934433954,1.6342282827433954,607.0015681282631,421.5487176942435,454.94682518613394,403.13529311563485,958.066514796334,0.6029134925453522,6.0828311004198286
81000,948.5883703580929,374.51821663591204,398.3692319518982,839.1116594504181,966.2327922865533,61.86409266865976,639.2908260225454,322.0584922334803,418.6756074777817,622.459412586495,609.6655442565889,414.2998489323618,455.139559440807,1.6398544296969657,609.0912884319678,422.9999806902893,456.5130676270374,404.5231643360691,961.3648440814511,0.6049891388581526,6.103772423015996
82800,929.7247121563012,367.07053558717905,390.4472488615783,822.4250585689043,947.0182565547102,60.633861373893794,626.5778685264736,315.6540269160493,410.34981116435335,610.0811651079947,597.5417160465464,406.06106909115016,446.0886398304765,1.607244232872794,596.9788798913357,414.5881897549926,447.43483438966695,396.4788039525845,942.247112520895,0.5929583057931127,5.982392612418243
84600,917.304099736929,362.1666744834707,385.2310876851455,811.4379106928709,934.3666118636113,59.823826229331054,618.2071317333492,311.4370621783418,404.86776266742345,601.9308152279847,589.5588863310628,400.6363158369533,440.1291401768975,1.585772331116537,589.0035693583027,409.04951884384417,441.4573503148479,391.18206450702326,929.6592076982391,0.585036707925694,5.902471127049711
86400,894.880312253795,353.3133961165477,375.81399247688734,791.6020555273338,911.525725900304,58.361413964762335,603.0948637880495,303.8238851537744,394.9706427576467,587.2164269634029,575.146933763019,390.8426349769964,429.37004479370717,1.5470076272851807,574.6051916884703,399.05017458792827,430.665786416718,381.6194957970015,906.9333957116335,0.5707353014323399,5.75818336226565
88200,856.0329249948552,337.9758117102678,359.49964126906076,757.2380504364254,871.9557494625022,55.82790370844839,576.9140892122341,290.63467541983965,377.82468781259354,561.7249465601681,550.1793985957605,373.87587976923436,410.73078747729534,1.4798509320637565,549.6611739278151,381.7271242808742,411.9702800400382,365.0531235841072,867.562775575247,0.5459592783446827,5.508216550035148
90000,831.2906058857618,328.20713910396523,349.10885537266876,735.3512456905,846.7532055272446,54.21428375480645,560.2392720678972,282.2343257680448,366.9042445443525,545.4891482940983,534.2773066903736,363.0695707426288,398.8592438544218,1.4370781099842427,533.7740605118415,370.6938870702719,400.0629107851997,354.5018227967647,842.4872038142863,0.5301791625442821,5.349009996614579
91800,794.3505355904366,313.6225946569489,333.5955011173951,702.6744338569076,809.1260235123106,51.80516299879917,535.3439130371783,269.69267576044444,350.60011637405995,521.2492406845923,510.53561981625097,346.9358440165393,381.1351310091632,1.3732186533431723,510.0547363939911,354.2213585111016,382.2853105785776,338.7488211855171,805.0495901669495,0.506619584949111,5.111315977355455
93600,785.8283533159437,310.25789759020705,330.01652491092716,695.1357977804511,800.4453225541598,51.24937179321079,529.6004808847067,266.7992804167655,346.8387063122196,515.657023092326,505.05834320503635,343.2137460663361,377.0461263290587,1.358486089893932,504.58261893606425,350.4210979869411,378.1839662077449,335.1145576330078,796.4126231857301,0.5011843214812578,5.056479271808106
95400,794.056013155251,313.5063123783211,333.47181345690524,702.4139022954247,808.8260227492473,51.78595512761639,535.145422841899,269.59268143796606,350.4701238890998,521.0559763902705,510.34632782580053,346.80721013885585,380.9938170150382,1.3727095031837602,509.8656227013453,354.0900233732384,382.1435701307996,338.623222821493,804.7511008286564,0.5064317449122675,5.109420847735462
97200,777.0647390955976,306.7978792390964,326.3361569292239,687.3835934513573,791.5186988433392,50.67783511915773,523.6943382954263,263.8239156847953,342.97073615566023,509.90637894551645,499.42589629733794,339.3862017267188,372.8412808555138,1.34333615547721,498.9554773395714,346.51317674120185,373.9664314621736,331.3773360243381,787.5309724278227,0.4955950779419861,5.00008905190281
99000,756.4894162431343,298.67440496700124,317.69534304405687,669.182871365822,770.5606602744834,49.33597418199289,509.8278230048516,256.83831722908167,333.889467542748,496.4049448390799,486.20196714420416,330.39984535141116,362.9690921685628,1.3077669503547396,485.74400406230615,337.3381104624503,364.0644507439735,322.60304048414224,766.6785219191614,0.4824725821965015,4.8676953897560695
100800,749.5511101840729,295.93504815754244,314.78153159309835,663.0453161385783,763.4932967618411,48.88347863975968,505.151827019343,254.48266913359404,330.82712818152675,491.85205967958933,481.74266079816533,327.36951181376674,359.64004274979897,1.2957724833329163,481.28889802357855,334.24414112789225,360.7253550074722,319.64421702620325,759.646764276865,0.4780474807099407,4.823050270219387
102600,741.0433326597189,292.5760383219556,311.2086048064089,655.5194223581173,754.8272684924812,48.32862686883581,499.41810279172347,251.5941643960576,327.07207590110494,486.26929441943037,476.2746422382907,323.6537051970786,355.55794957297337,1.2810648218264598,475.8260298966532,330.45030405274395,356.6309429972712,316.0160963437625,751.0243960624068,0.4726214042800635,4.768306253260056
104400,737.2471527920511,291.077244368229,309.6143608693225,652.1613601175603,750.9604769650098,48.081051386720596,496.8597086144732,250.3053103444666,325.3965673645722,483.77825830266977,473.8348062278157,321.9957081196939,353.73651502188767,1.2745022467765765,473.3884920151332,328.75748969733064,354.80401176892525,314.3972248285255,747.177085700371,0.47020028289500587,4.743879411530665
106200,735.1061475265925,290.2319404420118,308.7152241627617,650.2674485566239,748.7796474707968,47.94142143522075,495.41680137731515,249.57841030098697,324.45159828405247,482.3733402986899,472.4587645418636,321.06061531678716,352.7092452136847,1.2708010239087046,472.0137464495877,327.80276031813224,353.77364189292604,313.4841984285533,745.0072433772691,0.46883479605970807,4.730102931336305
108000,706.5799927141965,278.9693475601431,296.73537838532997,625.0335010928434,719.722885782716,46.08103104889499,476.19190927118547,239.89339760719758,311.8610947861268,463.65460610087086,454.124770321924,308.6017005770509,339.0221898590497,1.2214869665229175,453.6970213751141,315.0822133328718,340.0452821027942,301.3192902643357,716.0968716813669,0.4506414317152022,4.546548965760215
109800,699.3291694322958,276.10660383532337,293.69032218172157,618.619496297317,712.3371920034401,45.60815406931928,471.30529569876745,237.43164571713507,308.660820634423,458.89664854851696,449.4646065874693,305.4348738646459,335.5431924169225,1.2089522411885913,449.04124713944833,311.84888452126637,336.5557858337302,298.22719460968534,708.7483875425248,0.44601701350556955,4.49989292761427
111600,704.7968360799476,278.2653281313689,295.9865238125426,623.456138804647,717.906561160115,45.96473891343242,474.9901702310936,239.28799198028113,311.0740682840094,462.48450675558246,452.97872089323073,307.822899626842,338.16661841174266,1.2184043677931728,452.55205143265044,314.28705787300646,339.1871287344864,300.5588675280535,714.2896978289084,0.44950417299443995,4.535075092971814
113400,715.0055733783322,282.2959047297855,300.2737857734086,632.4866843637361,728.305188271487,46.63052218675977,481.87023781790964,242.75399540670335,315.57986808457906,469.1834341518813,459.5399602839715,312.28160737898764,343.0648443879684,1.2360525317423565,459.1071106644953,318.83939671146254,344.10013644817445,304.912358299039,724.6359359315588,0.45601508476605196,4.60076408004233
115200,724.7102371981902,286.12746486739525,304.34935700438285,641.0713316319873,738.19036577722,47.26343129742411,488.41059056050767,246.04885911695146,319.86318648391057,475.5515908038312,465.77722750592517,316.5201589785489,347.7212122641884,1.2528292880794665,465.33850288323504,323.1669562058468,348.7705561888466,309.05088818186346,734.4713112234979,0.46220450937924573,4.663209563509441
117000,733.8280789923245,289.7273380632036,308.1784864203561,649.1368820831217,747.4778059479737,47.85806963299382,494.55546097454686,249.14448886785576,323.8875010036052,481.53467748777507,471.63733938750767,320.50241365923097,352.096018689094,1.268591586798924,471.1930950115485,327.2328366481719,353.15856478946546,312.93916926324187,743.7119606228451,0.4680196716009752,4.721879090819217
118800,773.8297471144512,305.5206514493934,324.9775894924195,684.5219523281547,788.2235336983272,50.46685863034788,521.5141505971282,262.72559245799664,341.54291743553307,507.7835917901708,497.34674035522283,337.97330575311497,371.2891083103901,1.3377437235055696,496.87827979484535,345.07061051509305,372.409574811586,329.9977816952869,784.2524085546587,0.4935318700490325,4.97927322128521
120600,805.1174169348326,317.8735356613293,338.11716128709025,712.1987079828821,820.0931765480225,52.507346755269566,542.6001357397054,273.348176586924,355.3522625402674,528.3144196878847,517.4555829740317,351.6383234626788,386.30115853466395,1.3918316983881627,516.9681815039883,359.0225881519993,387.4669280060093,343.3403311044315,815.9614899206764,0.5134864689172066,5.180596389687518
122400,836.714076755427,330.3484141833941,351.38649654177397,740.1487930605018,852.2775568328622,54.56798628263745,563.8943613358255,284.0756669709706,369.2979856357997,549.0480054308745,537.7630160062763,365.43829381810053,401.4614643953795,1.446453833963017,537.2564865703969,373.1123523865573,402.6729842388327,356.8146485349226,847.9837230526865,0.533638134922177,5.383907780485571
124200,869.1055275568244,343.13708919509565,364.9896122669744,768.8019421853501,885.2715117790227,56.68045969752185,585.7242276782484,295.0729995678429,383.59450324569013,570.3031294327119,558.5812677360963,379.5853923837861,417.0031167159021,1.5024499496026502,558.0551291843223,387.5565343854882,418.26153774877514,370.62790261337074,880.8114521524035,0.5542967014185235,5.5923333213431015
126000,900.4511192448257,355.51284190852607,378.1535089328306,796.5299349371953,917.2001538844897,58.72472531318446,606.8492486342012,305.71524894877626,397.4294131516278,590.8719653988579,578.7273372154174,393.27570770583884,432.04295827109917,1.5566380558321593,578.182222689274,401.53434087466627,433.3467661420688,383.99515265970007,912.579235531827,0.5742882416006622,5.794029192921324
127800,922.2200140167326,364.1075579127205,387.29557535670267,815.7864786470457,939.3739656638935,60.14442743640906,621.5201587520183,313.1060811020136,407.0374850272164,605.1566160184551,592.7183848538878,402.78336149672486,442.4878313958443,1.5942706261195672,592.160091888066,411.2416516070227,443.82315953009004,393.27844399280633,934.641334100798,0.5881719716921222,5.934102994941629
129600,926.7558388085083,365.89837579018143,389.2004406228517,819.7988232919273,943.9941600399068,60.44024034537535,624.5770285898103,314.6460545395153,409.03944842825683,608.1330038002473,595.6335967379282,404.76440151865444,444.6641529299678,1.6021118485186094,595.0725578773774,413.2642926801062,446.00604871007295,395.212735256519,939.2382516152727,0.5910648226067416,5.963289144745701
131400,944.1980214050717,372.7848350009736,396.5254607281843,835.2280012582505,961.7607797039105,61.5777672582239,636.3319980457227,320.5679097971227,416.7378523119117,619.5784853943181,606.8438308901161,412.382346077767,453.033038266069,1.6322646959373062,606.2722328921533,421.04221103973947,454.40018944812795,402.6509108839787,956.9153618101356,0.6021890692859604,6.07552234985017
133200,952.8040530961492,376.18263718996496,400.1396503409391,842.8408096788901,970.5268897377466,62.13902687164848,642.131939601498,323.48977314391414,420.53627073957455,625.2257245957713,612.3749982107207,416.1410656034708,457.1622745025748,1.6471422124995199,611.7981902987635,424.87986217789495,458.5418867850942,406.32093181280055,965.6373075701595,0.6076778100975365,6.130898591589008
135000,953.1999914436692,376.3389601309209,400.3059286343809,843.1910527286781,970.9301928216261,62.16484878491188,642.398777949036,323.6241995307479,420.71102486196503,625.4855375546049,612.6294710417989,416.3139932954919,457.35224858478705,1.6478266835233661,612.0524234369366,425.05642128254885,458.7324341660929,406.4897787418013,966.0385787849707,0.6079303310090217,6.133446290509136
136800,946.2226548415515,373.5841934241489,397.37572591409435,837.0189714785812,963.8230727699199,61.70980778754978,637.6964777530919,321.25530004167314,417.6314587068731,620.9070407287026,608.145079444856,413.2666130085964,454.0044720292309,1.6357647431791573,607.5722557755905,421.9450472237975,455.37455477853865,403.5143108053127,958.9672648998275,0.6034803366865685,6.088550025628692
138600,934.822622778385,369.0832741515696,392.5881677285388,826.9346186431143,952.2109919593662,60.96633183737005,630.0135500026768,317.3848360423193,412.5998607045587,613.426391077867,600.8181851148009,408.2876023974806,448.5346542104841,1.6160571506536303,600.2522627896986,416.8614793736374,449.88823028750767,398.6527953283899,947.4136865623739,0.5962096428889555,6.015195551229658
140400,942.2670290448849,372.0224476075864,395.71452105459105,833.5198649850525,959.7938695051665,61.45183371945621,635.0306267243338,319.91231195566763,415.88557599828687,618.3113769120824,605.602766224961,411.5389772698478,452.1065341684411,1.628926528957283,605.0323372099255,420.1811318228777,453.47088937081367,401.82744396802167,954.9583610421706,0.600957524137784,6.063097215529038
142200,939.3402006997685,370.8668878659056,394.48537003784503,830.9308222913602,956.8126000601513,61.26095474009534,633.0581225604157,318.91861442224905,414.5937705390736,616.390805345561,603.7216695852273,410.26067302416646,450.7022207642484,1.623866829116255,603.1530124116748,418.87598369735235,452.062338066582,400.57930525935495,951.9921114405716,0.59909085634443,6.044264289996671
144000,942.094784706595,371.9544427232575,395.6421853113996,833.3674993889207,959.6184212990298,61.44060045955277,634.9145445239359,319.8538326894033,415.809553030663,618.1983509537389,605.49206337267,411.46374885090137,452.02389008941253,1.6286287647742492,604.9217386308026,420.10432363710675,453.38799589065803,401.75399079598066,954.7837967563345,0.600847670425519,6.061988894707355
145800,954.8037907138836,376.9721663363648,400.9794602772358,844.6097573102522,972.5638239049814,62.26944377023414,643.4796410423107,324.16871092362464,421.4188889415931,626.5379434061202,613.660246018077,417.01445918367983,458.1217630718784,1.650599221559662,613.0822275062321,425.77159667530185,459.5042708737548,407.17371497380685,967.6639795209776,0.6089531994835973,6.143766073107664
147600,959.6105176476356,378.86994081403947,402.9980936240461,848.8617392446112,977.4599593965064,62.582924105598494,646.7190824354021,325.80065927681585,423.5404196095357,629.6920959523057,616.7495689359328,419.1138168236652,460.42806541264423,1.6589087609773563,616.1686405307923,427.915039989279,461.8175331130381,409.223531785926,972.5354479403766,0.6120188259231025,6.174695365749243
149400,958.8012239448623,378.550418412365,402.6582225894944,848.145846236498,976.6356122522174,62.53014439398804,646.173667737196,325.5258931950951,423.18322407222524,629.1610410726765,616.2294292197158,418.7603544902884,460.0397604419651,1.65750970960282,615.6489907442829,427.5541550877315,461.42805632583605,408.8784104880553,971.715253914501,0.6115026759094361,6.169487896693679
151200,966.6192868132692,381.6371176114263,405.9414967656929,855.0616254218575,984.5990966798843,63.040015040618414,651.4425662660207,328.1802305433752,426.6338590610288,634.2912186846957,621.2541624998637,422.17492541118423,463.79092353946754,1.6710250397787179,620.6689911305014,431.04043063749725,465.1905395846284,412.2124040613819,979.638617752145,0.6164888672544879,6.219793886128878
153000,949.3232131411227,374.80834459573947,398.6778365734902,839.7616939294097,966.9813036707593,61.91201691425122,639.7860653322814,322.30798122799735,418.9999428356667,622.941613108198,610.1378337546034,414.62079452215784,455.49214232183067,1.641124775434419,609.5631330713255,423.3276660095966,456.8667145234018,404.83653622335936,962.1095844130925,0.6054578056860345,6.108500831306112
154800,939.5229661722602,370.9390466662442,394.56212423722064,831.0924947761862,956.9987651011086,61.27287415686259,633.1812953648994,318.9806657548843,414.67443718818356,616.5107352247408,603.8391344569671,410.34049659148974,450.7899129595465,1.6241827815135506,603.2703666409691,418.9574835277853,452.15029489707956,400.6572451430538,952.177338569067,0.5992074202084525,6.0454403099498295
156600,925.2275858224538,365.29499649438674,388.55863540226596,818.446946187737,942.437480455612,60.34057226245889,623.5470790939531,314.12719212477344,408.3649279857654,607.1301710798504,594.651375979568,404.0969307789343,443.9308860962996,1.5994699097101743,594.0912622918385,412.58280532079254,445.2705690430488,394.56101555054,937.6894146913066,0.590090135917676,5.953455471127976
158400,920.1803011780162,363.3022458946983,386.43897742407654,813.9821693403107,937.2963127079842,60.01140347362932,620.1455164453458,312.4135711978722,406.137223081661,603.818165648298,591.4074446433581,401.89250857531846,441.50916242644854,1.5907445106427178,590.8503864775979,410.33209112920963,442.84153715923054,392.40861349768545,932.5741485054028,0.5868710869750271,5.920978289468875
160200,930.2594377908193,367.28165402093515,390.6718122728371,822.8980714463044,947.5629284683588,60.66873457837305,626.9382410581941,315.8355734508719,410.5858214158614,610.4320496589316,597.88538860799,406.2946126981812,446.34520505657605,1.6081686298270874,597.3222287409145,414.8266376847204,447.69217387155476,396.7068363768543,942.7890403394501,0.5932993422334292,5.985833349922352
162000,925.0947675850082,365.24255768006094,388.5028570468762,818.329456520869,942.3021917039852,60.33191025477866,623.4575676858643,314.08209854927804,408.3063063981682,607.043016351156,594.5660126064236,404.03892187072006,443.8671589455505,1.599240302662665,594.005979324114,412.5235782486184,445.20664957818104,394.50437554168906,937.5548075338472,0.5900054273195023,5.9526008409002324
163800,908.8964768743809,358.84720734785725,381.70022185655637,804.0006127112789,925.8026012043774,59.27550624550555,612.540905651898,308.58256129366646,401.15691535006437,596.413771005426,584.1552379957323,396.96425217827806,436.09510193103546,1.5712378101112183,583.6050108243559,405.30034331139854,437.4111382545165,387.5966545323909,921.1383431220712,0.5796745079721599,5.848371563766887
165600,903.3779919079435,356.6684191476793,379.38267856136724,799.1190168341426,920.1814684718527,58.91560718283265,608.8217826657549,306.7089615287515,398.72123817134457,592.7925660466522,580.6084623386948,394.55403130758845,433.44729293938934,1.5616978322871045,580.0615759442393,402.8395087627297,434.7553387745682,385.2433102676688,915.5455300483434,0.5761549376590785,5.812862403621634
167400,902.7543303598951,356.42218735941555,379.12076561824296,798.5673321489079,919.5462063730931,58.87493384441951,608.4014727413777,306.4972200567866,398.44597454209395,592.3833221501616,580.2076299344569,394.28164457672034,433.14805561887306,1.560619689033237,579.6611210918328,402.5614020190405,434.4551984235399,384.9773513430448,914.9134684443488,0.5757571798173391,5.808849400429495
169200,883.8920258715301,348.97504077890324,371.1993510334993,781.881928748573,900.3330495347144,57.64479083478912,595.6894275657621,300.09321434324573,390.1207757131057,580.0059629723097,568.0846717671631,386.0434559753823,424.0977855300336,1.52801183241587,567.5495817744392,394.1502147394191,425.37761666776936,376.93356824730284,895.7971088302958,0.5637272101214337,5.687478300415744
171000,854.9837354827936,337.5615745160862,359.05902357528254,756.3099480265132,870.8870442753467,55.759478710599566,576.2069993397672,290.2784614888232,377.36161018055816,561.036473131885,549.5050758706591,373.4176419603684,410.2273787626076,1.478037165289137,548.9874863603935,381.259263660598,411.46535215177767,364.6056993117147,866.4994545993696,0.5452901279742627,5.50146545102281
172800,825.3120368926278,325.8467021986529,346.5980951605579,730.0626641458268,840.6634308761671,53.82437938977866,556.2100804506622,280.20452129667467,364.2655014569759,541.5660382709708,530.4348312468906,360.4584062922866,395.9906832198503,1.4267427704913722,529.9352043706549,368.02788920683975,397.1856934838267,351.95227683681253,836.4281098726806,0.5263661605933992,5.310540386729299
174600,810.0480218916797,319.82021921035647,340.18781845630684,716.5602711610946,825.115494282445,52.828906044308496,545.9230633805574,275.02218319276267,357.52846888018036,531.5498604344084,520.6245233157689,353.79178533571,388.666898446686,1.400355389624773,520.134136959231,361.2212718663595,389.8398071856873,345.44297539310435,820.9585048680316,0.5166311020796042,5.212322785988402
176400,810.6503264838536,320.058018922836,340.44076233089265,717.0930636995936,825.7290021706805,52.86818654601962,546.3289800165611,275.2266736913628,357.7943062537925,531.9450899927269,521.0116294288845,354.05484432878484,388.95588854533935,1.4013966124400288,520.5208784495754,361.4898549934782,390.12966939105604,345.6998266967192,821.5689218607322,0.5170152389169682,5.216198366034337
178200,803.5964174541961,317.27302016821073,337.47840224909817,710.8532472560778,818.5438853895329,52.40815172425357,541.5750746650172,272.83177683469347,354.6809435557341,527.3163466850457,516.478024103237,350.974020721105,385.57137198534616,1.3892022989417547,515.9915434148921,358.34433531753086,386.73493912604613,342.6917046378975,814.4200041991108,0.512516408356959,5.170809389366371
180000,779.5109331119032,307.76367667996783,327.36346072287375,689.5474718885188,794.0103938173745,50.83736856700416,525.3429241754167,264.6544314081797,344.05040548093217,511.51156043207357,500.998085302507,340.45458696428193,374.0149824332253,1.3475649676984929,500.5261854693619,347.60399764307664,375.1436750056223,332.4205094122665,790.0101140687759,0.49715520755947873,5.015829295031066
181800,764.2122157261597,301.7234926220898,320.93861040291137,676.0143815258696,778.4271093496876,49.839632035924836,515.0325198101119,259.46031137854163,337.2980564165123,501.47261104703966,491.1654738633787,333.77280959926986,366.67454720489957,1.3211175957322703,490.70283555803906,340.7819056156225,367.78108800501593,325.8964092223939,774.5053392752168,0.48739801661548554,4.917388398848283
183600,733.5555772793311,289.61974992616797,308.0640465837494,648.8958298293326,747.2002355082801,47.840297887364436,494.3718114057393,249.05197087632214,323.7672277388348,481.35586309209083,471.4622002962491,320.38339742199383,351.96527039671105,1.268120504551749,471.0181208872037,327.1113211173724,353.02742192832613,312.8229615817314,743.4357886023881,0.46784587590430327,4.720125655406167
185400,711.9156631019151,281.0759575720401,298.9761468584893,629.753381046283,725.1578034546458,46.429007492239585,479.7878263582367,241.70492936725367,314.2160836418683,467.15584895718035,457.5540495462459,310.9320764330718,341.582283093875,1.2307109070582631,457.12307049468853,317.4615261533766,342.6131011196189,303.59467370412995,721.504407858964,0.454044406845372,4.580881789974122
187200,702.2457719742805,277.2581262625354,294.9151787695383,621.1994933491872,715.3080454380739,45.798366152424286,473.2709082937659,238.42187145304766,309.94811276154,460.8105099891193,451.33913101946086,306.7087119490027,336.9425994068288,1.2139942633634297,450.9140059204471,313.1494726978588,337.95941591722755,299.4709725498987,711.7042736103292,0.4478771595029327,4.518660054348013
189000,695.4552411758345,274.57711354499054,292.06342702636493,615.1926586199334,708.3912059115537,45.35550807012894,468.694503839607,236.11639504330952,306.95099652442786,456.3545942895039,446.97480104832397,303.74291986059166,333.68445362668683,1.2022552600635876,446.5537867965282,310.1214001572529,334.69143779048306,296.5751674863473,704.8222816038133,0.44354630588031163,4.474965807274808
190800,690.3161591183493,272.54811982394335,289.9052178007919,610.6466787111976,703.1565332533604,45.02035252893662,465.23107532183263,234.37160766174694,304.68277527111064,452.98235180931357,443.67187076005445,301.49840476152565,331.2186848942587,1.193371167932707,443.25396760248765,307.82975113538953,332.21822792605684,294.3836186537469,699.6139815916057,0.44026871053375927,4.441897947366033
192600,680.7597693770898,268.77510071975263,285.8919157612345,602.1931931902692,693.4223878301036,44.39711340962512,458.7906502835445,231.12708499265315,300.4649001576872,446.71149193935076,437.52990050742136,297.3246124719913,326.6334599931358,1.1768507376398507,437.11778259100106,303.5683108707406,327.61916585387996,290.3083198850052,689.9288774719764,0.4341738519198223,4.38040654604907
194400,656.4262663739905,259.1678354042554,275.6728163025468,580.6680230287751,668.6362642727148,42.81015521808777,442.3913503121555,222.86553389965525,289.7248948295183,430.7439569591749,421.8905580743558,286.69685555106946,314.95806929411077,1.134784648768644,421.4931711585145,292.7173752889008,315.90854146802224,279.93135771491336,665.2676281339743,0.4186544701866371,4.223830554579108
196200,646.9815588698596,255.4389102754773,271.7064163423505,572.3133304830259,659.01587845605,42.194199679814226,436.02619230418003,219.65892885007153,285.5563125705462,424.5463824697751,415.8203669136982,282.5718409351991,310.42643033794826,1.1184572870574787,415.42869762888165,288.5057370096283,311.36322705106045,275.90368555996446,655.6957104921039,0.4126308400871722,4.163057782100984
198000,640.7119483586811,252.96356541460582,269.0734303159322,566.7672965608971,652.6296487065979,41.78531445859489,431.80085641795375,217.53031187434465,282.78911336018075,420.4322923144624,411.7908366938289,279.833562911966,307.418225878467,1.1076188149756951,411.40296290183795,285.7099562389206,308.3459445113173,273.23002566449344,649.3416550135877,0.408632218153085,4.122715440852654
199800,638.8138231191908,252.21415449849147,268.27629352042334,565.0882342095929,650.6962169804954,41.66152441500811,430.5216355354651,216.88587286180461,281.9513435091626,419.18675108866955,410.57089599735576,279.0045489533839,306.50749166301495,1.1043374664167593,410.18417129121565,284.86353331751263,307.4324619061143,272.4205748508651,647.4179640513838,0.4074216349433724,4.110501792810715
201600,633.987376948522,250.30859454328584,266.2493788816315,560.8188088380914,645.7799954601476,41.34675805006749,427.26890457689825,215.2472295628309,279.821109420692,416.0196588681095,407.4688993638158,276.89657885605556,304.1917278897845,1.095993837736516,407.0850964885903,282.71129668801973,305.1097096819045,270.3623488189355,642.5265107979764,0.4043434320012091,4.079445615064641
203400,635.6304049716457,250.9572889025376,266.93938503403683,562.272214776946,647.4535849792649,41.45391141717167,428.3762054619855,215.80505964420206,280.5462877774798,417.0978064504488,408.52488698210004,277.6141780624583,304.98006461618894,1.0988341917467792,408.14008945161436,283.4439651918436,305.9004254301381,271.06301405559236,644.1916686563586,0.4053913197256329,4.090017818405062
205200,651.1365070146002,257.07935181788787,273.4513286277451,575.9887555057337,663.2481116070668,42.465172954515744,438.8263744638341,221.06958955034798,287.3901695868211,427.2728407126969,418.49078624538885,284.3865315243721,312.420004502665,1.1256400760660998,418.0966016407058,290.35853537814614,313.3628173714338,277.6755529195951,659.9066213572952,0.4152807761169993,4.1897931487757365
207000,683.9845695047594,270.0483045988663,287.2462030266088,605.0458187031703,696.707171545877,44.607425216273924,460.96396929292393,232.22194794830963,301.8882205299756,448.8275912463877,439.6025060615167,298.7330571119211,328.180742413263,1.1824255506351333,439.18843591764517,305.00633228694176,329.1711176221805,291.68352792334935,693.1971122182665,0.4362305596691403,4.401156796319984
208800,721.8293348386823,284.990037456623,303.13949306745485,638.5229145997516,735.2558765739827,47.07554747330484,486.4690377156158,245.0707540724792,318.5916512393916,473.6611556620411,463.9256478747133,315.2619130948445,346.3389344799864,1.247848981928359,463.48866729086217,321.88228765990794,347.3841070031198,307.8223344961679,731.5516061815557,0.4603671321858535,4.6446721526314985
210600,770.9924805392083,304.4004521605496,323.7860508422085,682.0121350684759,785.3334919361419,50.281820601397285,519.6020056149496,261.7623023483548,340.2906415864018,505.9217902533142,495.5232058013009,336.7341179765874,369.92776729101337,1.332838851901581,495.05646286355903,343.80540028898844,371.0441255731025,328.787836381864,781.3769270244601,0.4917223228147361,4.961016588566663
212400,790.3112463909549,312.027817159418,331.8991609699593,699.1013195650914,805.0116006456306,51.54173265413037,532.6216779670754,268.32128282549945,348.8173073999915,518.5986773201826,507.9395354395449,345.17166794456443,379.1970508427238,1.3662358075761547,507.4610973196128,352.42013544451663,380.3413817248093,337.02627629702556,800.9558960496648,0.5040434136921611,5.085324827985707
214200,819.9133569988179,323.71521500231023,344.33086521123926,725.2870466218354,835.1643316762812,53.47229365514857,552.5716987915637,278.3715969630195,361.8827022842792,538.0234488607982,526.9650552949839,358.1005107768742,393.4003575683741,1.4174099034491183,526.4686966681504,365.620478825061,394.5875508157596,349.65002314899107,830.9567155181419,0.5229229993635246,5.2758021224976925
216000,840.4501123454139,331.8234621917541,352.95548228420535,743.4536522825227,856.0830853560849,54.81163933508328,566.4122219305856,285.3441012324908,370.9469484726579,551.4995751437391,540.1641967950219,367.0700226363162,403.2540412871244,1.4529124357160965,539.6554056402921,374.7783468598251,404.4709707219528,358.4078716717013,851.7700790577625,0.5360208975882177,5.407947618752785
217800,857.6601783698462,338.618277980212,360.18302269923953,758.6775022814018,873.6132709137528,55.93402830024349,578.0107589446,291.18714979630033,378.54290376018884,562.7927428895116,551.2252477180018,374.5865893335725,411.51155541345753,1.482664015945663,550.7060379444426,382.45275846289513,412.7534041571335,365.7470617610842,869.2119463178092,0.5469971053398294,5.518687250062579
219600,852.2763228254147,336.4926436796727,357.92201838462256,753.914998226641,868.1292718067432,55.58290936528368,574.3823679947021,289.3592585283651,376.1666475661702,559.259881150576,547.7649994973161,372.2351684133586,408.9283425920095,1.4733567762205422,547.2490489988039,380.0519586402343,410.1623957840059,363.45112988038915,863.7555759808256,0.5435633987592472,5.48404437436593
221400,867.4990842381266,342.50283907602847,364.31497022935133,767.3808987052821,883.6351874659916,56.57569227527593,584.6415826572253,294.5275904849937,382.88547217030333,569.2489885685005,557.5487934081203,378.88377169661317,416.2323335952291,1.499672840716918,557.0236273639814,386.8401799434316,417.48842857908244,369.9428388334291,879.1833717553999,0.5532721466270321,5.581996525390075
223200,872.9348841138171,344.6489818488571,366.59778908860596,772.1893521890721,889.1720971059618,56.93019886395681,588.3049809248128,296.37311755105605,385.28465487820773,572.8159359434538,561.042426677556,381.257879515872,418.8404696824301,1.5090698782346057,560.5139699123438,389.26414308097816,420.10443543073865,372.2609222457124,884.6923860583883,0.5567389821782184,5.616973641297313
225000,884.3105513050346,349.14028147114755,371.3751150009982,782.2521521057258,900.7593598405273,57.67208581015629,595.9714882344961,300.23530934913845,390.3054990299762,580.2805974751482,568.3536615040986,386.2262486695514,424.29859705943073,1.528735350442782,567.8183181447138,394.33684600733557,425.57903420091594,377.1120473832556,896.2212713550515,0.5639941365876632,5.69017133785873
226800,883.4367319180028,348.7952832730677,371.00814575600833,781.4791803312191,899.8692867881168,57.61509792666095,595.3825871524397,299.938635930967,389.9198239846947,579.7072011323771,567.792050600124,385.84460447977,423.87933219885235,1.5272247514966468,567.2572362329641,393.94718744162736,425.15850409387355,376.7394092669282,895.3356825527642,0.563436833488661,5.684548672808296
228600,884.9504250348476,349.39291409415904,371.6438364130008,782.8181779226559,901.4111356792241,57.71381645851165,596.4027241826323,300.45255507455846,390.58791818132784,580.7004797322315,568.764913610842,386.50571613708667,424.60561310198983,1.5298415202031015,568.2291828851054,394.62218218034076,425.8869767484096,377.38491995269453,896.8697635016097,0.5644022342081636,5.6942886597111695
230400,906.5101142350453,357.9050323140297,380.6980448517593,801.8896605038557,923.3718505137031,59.119874820881236,610.9326424783633,307.77235912635905,400.1036536204176,594.8478505987291,582.6215031084334,395.92199853921926,434.95010788064116,1.567112430265479,582.0727205917545,404.23620276118504,436.26268887120557,386.5789960871867,918.7198387229286,0.5781525375123809,5.833016310714613
232200,908.2341923755446,358.5857265863799,381.42208881657876,803.414762555181,925.1279977403299,59.23231403391058,612.094566209466,308.3577068111639,400.8646048247216,595.9791829027329,583.7295823034921,396.6749967157485,435.7773330394444,1.570092898152487,583.1797560654845,405.005013599404,437.092410408326,387.3142249459319,920.4671383573312,0.5792521172480581,5.844110037918048
234000,892.46835765871,352.36111695966014,374.8010678727367,789.468464935203,909.0689072252052,58.20411350942721,601.4693531939879,303.0049941737644,393.90608558315296,585.6337132307065,573.5967507153609,389.78920394663476,428.2127715378862,1.5428380058238877,573.0564687883518,397.97462192564797,429.5050207721174,380.59092372556614,904.4889546603902,0.5691970089768941,5.742663435600844
235800,899.9222517158421,355.30403635072986,377.93140569194225,796.0621040805853,916.6614490413272,58.69023415680422,606.4928241090588,305.53569131946284,397.1959884746112,590.5249249103656,578.3874297065621,393.0447226503501,431.7892038063957,1.5557237859684045,577.8426353459072,401.2985052250437,433.0922459038188,383.7696184100462,912.0432447212405,0.5739509413333089,5.790626149894747
237600,904.3679039115576,357.0592526111763,379.7984020689524,799.9946829607987,921.1897935465201,58.98016627910566,609.4889231054392,307.04504994949343,399.15815266704544,593.4421418411027,581.244686921779,394.98637942229163,433.922259876882,1.5634091241760446,580.697201255024,403.28093601558095,435.23173905478683,385.6654557931986,916.548775110951,0.576786282117145,5.819232076472032
239400,927.2761599457557,366.10380709261904,389.4189547205265,820.2590940970163,944.524159522336,60.474174131681394,624.9276933670965,314.8227105540476,409.2691010099539,608.4744361850077,595.9680114105521,404.9916539026116,444.9138067741164,1.60301134396726,595.406657558322,413.4963172735822,446.25645595302313,395.4346249185552,939.7655809233405,0.591396672170356,5.966637195288893
241200,933.7476546937513,368.6588591549515,392.1367240637945,825.9837127691442,951.1160286997571,60.89622563822012,629.2890869413029,317.01986993968245,412.12540526116834,612.7210018664668,600.1272942891742,407.81810569165157,448.01887675026876,1.61419881965311,599.5620227275675,416.38212342404773,449.37089632764474,398.1943778474839,946.3242398040436,0.5955240515026969,6.008278577802994
243000,940.85852447983,371.46634694863695,395.1230053884545,832.2739161205512,958.359165748122,61.35997526993305,634.081380375772,319.434105738197,415.26390855765925,617.387122565744,604.6975087612647,410.9238071425748,451.430723493082,1.6264916029952643,604.1279324258275,419.55304336803454,452.7930392517813,401.22679067999667,953.5308854227288,0.6000592104007426,6.054034073295248
244800,961.2099316594605,379.5014156476863,403.66978363351063,850.2765646710541,979.0891236525309,62.68723309750163,647.7969901314301,326.34368181557096,424.2463481808047,630.7416242170339,617.7775254705915,419.8123674323231,461.19547582104997,1.6616737180801093,617.1956288132134,428.6282598823949,462.5872593923812,409.90559793533777,974.1564043532402,0.6130388975747572,6.184986931030269
246600,949.6969847535579,374.95591574682317,398.83480572346514,840.0923285099786,967.3620277024321,61.93639317943764,640.0379646495451,322.43488171054815,419.16491329259435,623.186880355392,610.3780598428033,414.7840408020048,455.6714806442592,1.6417709261289668,609.8031328859041,423.4943403962781,457.04659404830073,404.99593020300955,962.4883903305372,0.6056961891334843,6.110905896486942
248400,952.319830797107,375.99145829977454,399.9362963136379,842.4124715402528,970.0336605577238,62.10744734346086,641.8056032440152,323.3253731697963,420.3225509939601,624.907980105915,612.0637845581906,415.9295795346851,456.9299411420316,1.646305122243245,611.4872697844211,424.66393498592726,458.30885229504906,406.11443641103136,965.1465633131497,0.6073689835918913,6.127782822085754
250200,954.2971580885213,376.772139482495,400.7666948078772,844.1615952240578,972.0477675505456,62.23640270767869,643.1382014888871,323.9967023427279,421.19527801738207,626.2054933611538,613.334629064579,416.7931853132522,457.87867707471537,1.64972338987029,612.7569172576708,425.54567614175744,459.260451298066,406.95766274380736,967.1505230944518,0.6086300801566972,6.140506102456623
252000,960.9480670419522,379.3980272100732,403.559810952196,850.0449218841351,978.8223881659039,62.67015507138366,647.6205093175553,326.2547752608214,424.13076977900454,630.5697898354571,617.6092229280518,419.6979969900274,461.0698312839987,1.661221024513099,617.0274847981095,428.5114877063796,462.46123568855216,409.79392641688753,973.8910126986004,0.6128718859874404,6.183301940911417
253800,944.7002544571241,372.98312483128143,396.73637855245767,835.6722715264801,962.2723546498272,61.61052139378399,636.6704725545143,320.73842466379,416.95952140963004,619.908048459111,607.1666202016777,412.60169841656443,453.27401331614413,1.6331329219464836,606.594718162189,421.266169690255,454.64189170636837,402.86508692682196,957.4243594057908,0.602509382660193,6.078754011073137
255600,930.3067246376686,367.3003236421383,390.69167086002767,822.9399009118235,947.6110948843694,60.67181848490923,626.9701095148681,315.8516279704872,410.60669226980497,610.4630790746747,597.9157802532192,406.3152654218687,446.3678936276305,1.6082503760804627,597.3525917596626,414.8477241073766,447.7149309115819,396.72700173573566,942.8369640896973,0.5933295007612465,5.986137621153993
257400,914.7479342908814,361.1574585219481,384.15760028291277,809.1767526434073,931.7628999126115,59.65712077418088,616.484431803097,310.5692096775331,403.7395555816317,600.2534709849597,587.9160177838909,399.5199001278467,438.9026735119808,1.5813534078398825,587.3622482609435,407.9096588496603,440.22718245110224,390.09199407488074,927.0686134296649,0.5834064409096652,5.886023263418028
259200,883.2139988255174,348.70734460210133,370.9146067524148,781.2821528947775,899.6424107008571,57.60057194141332,595.2324786046995,299.8630150545385,389.82151694687326,579.5610446811235,567.6488982104285,385.74732489101206,423.7724632504713,1.5268397058227108,567.1142186812866,393.8478650202647,425.05131263919213,376.6444252905375,895.1099494830574,0.5632947791413501,5.6831154778102455
261000,857.6109152971958,338.59882811271245,360.1623341761366,758.6339246665658,873.563091512728,55.93081551017899,577.9775586320184,291.17042432148287,378.5211606653833,562.7604166833062,551.193585936203,374.5650734851868,411.48791863497337,1.4825788533288413,550.6744059854915,382.430790790266,412.72969604820116,365.72605364559786,869.1620197241069,0.5469656864179538,5.518370262638199
262800,827.8967069780159,326.86717225839686,347.68355337292917,732.3490371103858,843.2961776731802,53.992943832140526,557.9519907729021,281.08205150538555,365.40628955004627,543.262087129838,532.0960199601118,361.58727151916264,397.23082661684276,1.4312109706309426,531.594828377943,369.180460153706,398.4295793529302,353.0545030018996,839.0475927076884,0.52801460725167,5.327171665883428
264600,807.4727945470958,318.803477299256,339.1063258179603,714.2822511493584,822.4923658679666,52.66095742922262,544.1875168908894,274.14785892138025,356.39184850133245,529.8600078594909,518.969403529694,352.6670442644855,387.4312857450129,1.3959035134470177,518.4805761626488,360.07291168077035,388.60046568451617,344.3447760614779,818.3485919574762,0.5149886777971141,5.195752266951852
266400,798.3038250496677,315.1834180492469,335.2557248084814,706.1714736500172,813.1528469820817,52.06298469796209,538.0081895167053,271.0348706285112,352.3449679003909,523.843371407119,513.0764314528685,348.66245935036113,383.03194787835713,1.3800528286653375,512.593154790749,355.98423207899765,384.1878516118078,340.43469169748727,809.0561262191972,0.5091409074324282,5.136753754093477
268200,806.6860699618259,318.49286555461936,338.7759329114213,713.5863225538739,821.6910076429032,52.609649607865414,543.6573124042166,273.8807553581778,356.0446142278074,529.3437627330304,518.4637691708439,352.32343908544914,387.05380960011155,1.3945434780128712,517.9754180706282,359.72209092987697,388.22185040203743,344.00927930794484,817.5512710310478,0.5144869218782836,5.190690020799428
270000,783.8054894514304,309.45923782301134,329.167002874572,693.3463929055491,798.3848319754206,51.11744667006903,528.2371937611383,266.1124909656648,345.9458809479362,514.3296289430891,503.75823196874745,342.3302520032977,376.0755416193223,1.3549891017665696,503.28373229981565,349.5190509005898,377.2104524930108,334.2519123412622,794.362513502252,0.4998941826753633,5.0434629824906745
271800,773.1074945905729,305.2354943299765,324.6742722768562,683.883055064819,787.4878467610948,50.41975548375278,521.0273963557571,262.4803780255613,341.22413900261495,507.30965293976857,496.8825427202732,337.6578590104769,370.94256632674876,1.3364951429434924,496.41451939666945,344.74853951654313,372.0619870426651,329.68977889287146,783.5204280595325,0.49307123301603334,4.974625826086766
273600,767.3753821886247,302.97236252126186,322.26701399035204,678.8124865231246,781.6491129700155,50.04592427951039,517.1643014804614,260.534248877059,338.6941737226162,503.5482666208013,493.1984669541383,335.15433548394043,368.192257346782,1.326585860679883,492.7339137330965,342.1924429934292,369.3033782526286,327.245333736654,777.7111102165613,0.4894154157466485,4.937742062066518
275400,754.8771851838283,298.03786975319883,317.0182703865223,667.7567081090649,768.9184405647306,49.230829300637716,508.7412773989279,256.2909431305609,333.1778819496264,495.34700608557137,485.1657729877566,329.6956968448652,362.19553204809415,1.3049798360205211,484.70878591727234,336.619175117821,363.28855619412826,321.9155085365334,765.0445758268559,0.4814443361092743,4.857321352094605
277200,755.7018680627318,298.36346805352434,317.36460426045403,668.4862142264295,769.7584631348293,49.28461264822766,509.2970634651874,256.57093404427,333.5418697615064,495.88815927320604,485.6958034539914,330.0558804638335,362.5912208567613,1.3064054911458889,485.23831713751014,336.9869224492795,363.68543910207035,322.26719251050196,765.8803663046524,0.4819703010065148,4.8626278441108255
279000,762.5505595046803,301.0674435451909,320.24078115114753,674.5444972715271,776.734545134406,49.7312637935119,513.9126646531337,258.89615677363327,336.5646561876179,500.38223972491147,490.0975137488633,333.04707445107636,365.87727253422156,1.3182450385719944,489.63588137591074,340.0409303184719,366.98140733981575,325.1878000366226,772.8213023165131,0.4863382482291921,4.906696330783639
280800,755.868259709389,298.4291621993904,317.4344821068976,668.6334025908541,769.9279497850841,49.29546421311054,509.40920130764755,256.6274262431175,333.61530954415645,495.99734472168296,485.80274473325323,330.12855269578137,362.67105677202306,1.3066931375975654,485.34515768670275,337.06112076914343,363.7655159440564,322.338149816672,766.0489990693411,0.48207642199868583,4.863698505291189
282600,774.5221758696533,305.79403365673363,325.26838191620516,685.1344677879526,788.928842123462,50.512016760066565,521.9808054336278,262.9606813204031,341.84853264100934,508.23796041800716,497.79177000885426,338.2757268428532,371.62134063416175,1.338940746784528,497.3228902663971,345.379382327222,372.74280973732226,330.2930662253154,784.9541635867505,0.4939734861276402,4.9837287129114785
284400,807.0076912481788,318.61984690328546,338.91100100715965,713.8708254844805,822.0186113151414,52.630624784965306,543.8740655758177,273.98995010459237,356.1865672515313,529.5548091713322,518.6704778157274,352.46390849717005,387.20812581898133,1.3950994748051486,518.1819320126217,359.8655101432767,388.3766323123319,344.146433910024,817.8772242131339,0.514692044976088,5.192759520278486
286200,853.7714054293439,337.08292676561814,358.5498933694351,755.2375331469509,869.652164016088,55.68041417521706,575.3899626719138,289.86685915286375,376.82652769646654,560.2409476157475,548.7259013783807,372.8881518530727,409.64569403647545,1.4759413723503583,548.2090457877122,380.718654472014,410.881912032785,364.08870415895313,865.2707957529936,0.5445169300962711,5.493664610343047
288000,902.496766699649,356.3204970101346,379.01259916721193,798.3394939451972,919.2838518446088,58.85813631385361,608.2278905109209,306.40977373479376,398.3322944409169,592.2143100373524,580.0420916525092,394.1691525950928,433.0244747122169,1.5601744306657703,579.49573873361,402.44654775061895,434.3312445776755,384.86751395718125,914.6524356762789,0.5755929112875082,5.807192085185384
289800,921.4372504649771,363.79851004895596,386.96684592604873,815.094053941667,938.5766421504002,60.09337794179511,620.992623760847,312.84032236289,406.69199902318815,604.6429701043312,592.2152962838422,402.4414863152701,442.11225578346586,1.5929174382481337,591.6574771869218,410.8925971829708,443.44645051551123,392.9446364122184,933.8480275587812,0.5876727420347658,5.929066236395723
291600,919.251044182297,362.93536002121687,386.0487265974395,813.1601580189623,936.3497708677268,59.95080011532073,619.5192537892306,312.0980759669685,405.7270797050994,603.2083913966077,590.810203532511,401.48665178329344,441.0632982003467,1.589138074965901,590.2537079197601,409.9177115062578,442.39432741579935,392.01233415025064,931.6323754089607,0.5862784269686581,5.91499890641759
293400,919.7375839780252,363.1274538970354,386.2530538807954,813.5905461916826,936.845360651531,59.98253078370175,619.8471519984258,312.26326276233755,405.941822317284,603.5276566173426,591.122906659214,401.69915002823154,441.2967435125579,1.5899791715512908,590.5661165053109,410.1346721296738,442.628477213131,392.21981784274953,932.1254683768652,0.5865887315235481,5.918129588050071
295200,911.7585452357677,359.97719878786614,382.9021762664434,806.5323693796398,928.7179060836621,59.4621617726717,614.4697655283828,309.554271942817,402.42013788925084,598.2918473625489,585.9947128615117,398.2142722363028,437.4683430267483,1.576185557339812,585.4427530530102,406.57661329259577,438.7885234810734,388.817176506171,924.0389604920231,0.5814998732490448,5.866787785684538
297000,902.6073393398075,356.36415289849975,379.0590352601593,798.4373053821413,919.3964812149334,58.86534753030021,608.302409740411,306.4473146312294,398.3810975558773,592.2868673053855,580.1131575973895,394.2174456477436,433.07752826452736,1.5603655810524217,579.5667377400957,402.4958549381341,434.38445823360007,384.9146673860905,914.7644976119797,0.5756634321250401,5.807903574228291
298800,903.8076422011335,356.838052116637,379.5631145256426,799.4990811294342,920.6191105676955,58.94362768823162,609.1113408128051,306.85483357392553,398.9108716342094,593.0745006322677,580.884602114411,394.7416828297077,433.6534422569087,1.5624405822074332,580.337455618534,403.0311008920474,434.96211020407344,385.4265335725186,915.9809672727805,0.5764289593201168,5.815627024918988
300600,906.6421312888796,357.95715480795076,380.75348674202894,802.0064414518204,923.5063231791307,59.12848457776574,611.0216139374619,307.8171806892577,400.1619215920043,594.9344795943492,582.7063515542843,395.9796575272157,435.0134506177002,1.5673406522817832,582.1574891172053,404.2950725649563,436.3262227623097,386.63529443326826,918.8536339056878,0.5782367351329818,5.833865785658372
302400,913.7386427190766,360.75897368769347,383.73373813064575,808.2839435471217,930.7348347959285,59.59129780050868,615.8042307139847,310.2265416331033,403.294087583971,599.5911784052214,587.2673377930054,399.0790879075054,438.41840811753457,1.5796086138843595,586.714179274348,407.4595897483248,439.74145565329127,389.6615841804287,926.0457277767503,0.582762736582305,5.879528891090398
304200,914.8055305576013,361.1801984708774,384.1817884147236,809.2277017172687,931.8215675110736,59.660877030206215,616.5232481812834,310.5887643836603,403.76497667334115,600.2912653955491,587.9530353780277,399.5450555328113,438.9303086172377,1.5814529763103233,587.399230987489,407.9353425081065,440.25490095285255,390.11655586036693,927.1269854566737,0.5834431745624203,5.8863938714873
306000,927.3317655870172,366.1257611100316,389.4423068691441,820.3082822837703,944.5807994682831,60.4778005650759,624.965168184883,314.84158941609564,409.2936435052679,608.5109243561446,596.0037496133414,405.0159398937689,444.94048676288395,1.6031074711811162,595.4423620986037,413.52111326087754,446.2832164559588,395.4583378067383,939.8219355132891,0.5914321362452633,5.966994994509611
307800,925.7405322598083,365.4975161445858,388.77405242050776,818.9006934080359,942.9599680634577,60.37402509292379,623.8927737723709,314.30134432964246,408.59132561826215,607.4667642197847,594.9810508719412,404.32096223256275,444.1770015061124,1.600356656284113,594.4206266570235,412.8115413456863,445.5174271734692,394.77976029004725,938.209269970139,0.5904172820572585,5.956756068538449
309600,941.0944158717806,371.5594807316284,395.2220703523229,832.482583255354,958.5994448886252,61.37535940006515,634.240356816475,319.51419403402315,415.36802323469925,617.5419134337919,604.8491180982047,411.02683367242014,451.5439058886956,1.6268993958336604,604.2793989589866,419.6582334139577,452.90656320625015,401.32738598064907,953.769954020162,0.6002096568267582,6.055551936488608
311400,943.2046549085792,372.3926376471395,396.1082864715517,834.3492793222019,960.748935880327,61.51298287027093,635.6625294880952,320.23064852965126,416.2994131170372,618.9266427772129,606.2053860760586,411.948489199176,452.55641383791357,1.6305474321583175,605.6343894416739,420.5992433395598,453.9221266753148,402.2272921985052,955.9086157263145,0.6015555216270779,6.0691304487719915
313200,934.5325309242631,368.96874113887276,392.4663407351524,826.6780063287409,951.9155041893422,60.94741291541548,629.8180457493683,317.28634596161925,412.4718237318906,613.2360341108671,600.6317406952253,408.1609035941906,448.3954660411915,1.615555659778488,600.0659939857452,416.73211994595897,449.74862207982034,398.52908637470205,947.1196874803464,0.5960246285808539,6.013328930559765
315000,941.7507026712494,371.8185935032154,395.4976845980951,833.0631279073717,959.2679390918084,61.41816045966935,634.6826541745817,319.7370122170353,415.6576865734386,617.9725658731966,605.2709190197526,411.3134696152302,451.85879704076007,1.6280339393816212,604.7008025780489,419.9508885973622,453.2224046285475,401.6072578630472,954.4350803029203,0.6006282223479702,6.059774869631541
316800,939.6543525626173,370.99092016390074,394.61730127401665,831.20871784563,957.1325953722675,61.28144278376383,633.2698417951996,319.02527319906204,414.7324268057205,616.59695038183,603.9235775702163,410.39788013463414,450.8529530997087,1.6244099132821466,603.3547302156088,419.0160721024724,452.21352527811797,400.71327454425534,952.3104945939848,0.5992912156055328,6.046285726835889
318600,943.4654179723713,372.4955911733134,396.2177965442981,834.5799476858666,961.014549323551,61.529989056354474,635.838267921811,320.31918109211915,416.4145053293734,619.0977543242067,606.3729806409686,412.06237853338257,452.68152984152636,1.6309982214349132,605.8018261460061,420.7155243044078,454.0476202507111,402.3384939620977,956.1728909904841,0.6017218306672678,6.070808350849912
320400,949.896955739146,375.0348675653798,398.9187855512079,840.2692208173295,967.5657182913313,61.94943468824172,640.1727329226464,322.50277454596704,419.25317388747965,623.3181004147066,610.5065828392618,414.8713789475155,455.7674281691558,1.6421166222357026,609.9315348240546,423.58351260804636,457.14283112111326,405.08120733521287,962.6910547120416,0.6058237263014995,6.112192626775208
322200,955.1466796742362,377.10754451086945,401.1234599466908,844.9130734097529,972.9130908451618,62.29180596133955,643.7107273317358,324.2851263310083,421.5702288148817,626.7629455962302,613.8806235718879,417.16421733897016,458.28628367452194,1.6511919844461773,613.3023974821422,425.92449969218507,459.66928796234396,407.31993912286043,968.011486829951,0.6091718866437291,6.14597242124112
324000,968.5235065979925,382.388934753764,406.7411930268029,856.746078946113,986.5387363141189,63.16420255219327,652.7258945010534,328.82673873587777,427.4743188432199,635.5407591235976,622.4780202106632,423.0066011873136,464.70458196179277,1.674316924168905,621.8916960659382,431.8895712735604,466.10695522129913,413.0244538787509,981.5684853466067,0.617703337433288,6.232046750039668
325800,962.1412055981467,379.8690978432677,404.0608814956436,851.1003601597115,980.0377199523366,62.74796799479016,648.4246120843444,326.6598618257016,424.65738176944177,631.3527219776072,618.3760628872654,420.21910513243495,461.6423077909721,1.6632836405094127,617.7936024558624,429.0435389121525,463.0354398000645,410.3027374031122,975.1002215587201,0.6136328439437119,6.190979292272353
327600,959.4148643700524,378.79269369728246,402.91592706123,848.6886663380061,977.2606668280685,62.57016418477977,646.5872240347,325.73423236125586,423.4540647084987,629.5637091535207,616.6238209659062,419.02836445477817,460.33418955527026,1.658570529027698,616.0430110052226,427.8277931546922,461.723373959572,409.14009592962225,972.3371594217996,0.6118940424958346,6.1734364181197945
329400,956.3750499298054,377.5925251957061,401.6393263968339,845.9996772895591,974.1643096657682,62.371916590666864,644.5385741195347,324.7021745310234,422.1123909149335,627.5689966206927,614.6701072339398,417.7007130701198,458.8756646056195,1.6533155065848082,614.0911375141897,426.4722616199326,460.2604475117068,407.8437745801427,969.256401922863,0.609955314615585,6.153876473963551
331200,958.0247920561928,378.2438703928336,402.3321522044701,847.4590224561204,975.8447381752705,62.47950783147841,645.6503999015695,325.26228414062973,422.8405326553664,628.6515499673279,615.7304100615903,418.42124468857264,459.66722280732023,1.656167467475698,615.1504416220004,427.2079241152913,461.05439445692014,408.54730302952987,970.9283643163196,0.6110074844498035,6.164491879771584
333000,953.9742955051421,376.64466804944334,400.63110541696125,843.875994254681,971.7188994922691,62.21534657690421,642.9206117586417,323.8870861593011,421.0527771261081,625.9936323893389,613.1271226278917,416.6521737599802,457.7237652725565,1.6491652472089606,612.549606275329,425.4017034020501,459.1050720071468,406.81997879368157,966.8233118963924,0.6084241653865062,6.13842861574644
334800,953.5704550805123,376.4852252390906,400.46150856671716,843.5187611075611,971.3075473469955,62.189009313836955,642.6484478920896,323.7499769111557,420.8745352876148,625.7286341231269,612.8675710668897,416.4757948034748,457.52999971660614,1.6484671156168877,612.2902991909865,425.22162055773276,458.9107217106004,406.647762043442,966.4140321719198,0.6081666047012105,6.135830070240105
336600,947.7687202910047,374.19460537207635,398.02501165793444,838.386605307383,965.3978961421682,61.81063754598407,638.7384317651284,321.7802100269782,418.31384098297656,621.9215619072867,609.138748419884,413.9418634145298,454.74628541164157,1.6384374749510324,608.5649887944995,422.63447761921515,456.11860678585515,404.17362659225125,960.5341542020778,0.6044663837793975,6.098498315054787
338400,934.806610550282,369.0769522618006,392.5814432322129,826.9204543884018,952.1946818923716,60.96528756780682,630.0027587355156,317.379399675818,412.59279343540635,613.4158839259657,600.8078939241577,408.2806089913927,448.52697142765413,1.6160294698133368,600.241981292528,416.85433910880806,449.88052431977786,398.64596695331943,947.3974586666345,0.5961994306363135,6.0150925191881734
340200,915.526651149332,361.4649086849531,384.4846302639907,809.8655976848976,932.556101461411,59.70790635557658,617.0092395692818,310.8335945099285,404.08325550875804,600.7644614771785,588.4165055108803,399.8600078994562,439.2763074916495,1.5826996000658402,587.8622645688162,408.2569087489643,440.6019439735632,390.4240759531177,927.8578187737335,0.5839030896735864,5.891033983172218
342000,913.3250459909176,360.5956789290006,383.56004402255513,807.9180800727702,930.3135448729046,59.564324260543586,615.5254916926692,310.08611998887284,403.11153963501465,599.319778096613,587.0015157755158,398.89844784554634,438.2199614166022,1.5788936162647667,586.4486076397828,407.2751563170371,439.5424100851266,389.4852068786801,925.6265603417448,0.582498953537707,5.8768675678205025
343800,890.7388939784043,351.6782963880352,374.07476219627983,787.9385988899417,907.3072742838809,58.09132306762038,600.3037999368452,302.417818025862,393.1427573792773,584.4988469597587,572.4852101895926,389.03385361357704,427.38296235814045,1.5398482277855183,571.9459752442068,397.20340953655057,428.6727074160641,379.85339821669083,902.7361969487033,0.5680939944604505,5.731535054684184
